APPDT/I20050407.ZIP/I20050407/UTIL0071/US20050071910A1-20050407/US20050071910A1-20050407/US20050071910A1-20050407-D00002.TIF	files/00000.tif	13526	small
APPDT/I20050407.ZIP/I20050407/UTIL0072/US20050072327A1-20050407/US20050072327A1-20050407/US20050072327A1-20050407-D00001.TIF	files/00001.tif	16175	medium
APPDT/I20050407.ZIP/I20050407/UTIL0072/US20050072619A1-20050407/US20050072619A1-20050407/US20050072619A1-20050407-D00006.TIF	files/00002.tif	9040	small
APPDT/I20050407.ZIP/I20050407/UTIL0073/US20050073589A1-20050407/US20050073589A1-20050407/US20050073589A1-20050407-D00009.TIF	files/00003.tif	7758	small
APPDT/I20050407.ZIP/I20050407/UTIL0074/US20050074575A1-20050407/US20050074575A1-20050407/US20050074575A1-20050407-D00011.TIF	files/00004.tif	24418	medium
APPDT/I20050407.ZIP/I20050407/UTIL0074/US20050074886A1-20050407/US20050074886A1-20050407/US20050074886A1-20050407-D00005.TIF	files/00005.tif	179638	large
APPDT/I20050407.ZIP/I20050407/UTIL0075/US20050075789A1-20050407/US20050075789A1-20050407/US20050075789A1-20050407-D00004.TIF	files/00006.tif	27142	medium
APPDT/I20050407.ZIP/I20050407/UTIL0075/US20050075844A1-20050407/US20050075844A1-20050407/US20050075844A1-20050407-D00000.TIF	files/00007.tif	5553	tiny
APPDT/I20050407.ZIP/I20050407/UTIL0076/US20050076281A1-20050407/US20050076281A1-20050407/US20050076281A1-20050407-D00018.TIF	files/00008.tif	8942	small
APPDT/I20060202.ZIP/I20060202/UTIL0022/US20060022196A1-20060202/US20060022196A1-20060202/US20060022196A1-20060202-D00026.TIF	files/00009.tif	26797	medium
APPDT/I20060202.ZIP/I20060202/UTIL0022/US20060022724A1-20060202/US20060022724A1-20060202/US20060022724A1-20060202-D00005.TIF	files/00010.tif	6689	small
APPDT/I20060202.ZIP/I20060202/UTIL0023/US20060023065A1-20060202/US20060023065A1-20060202/US20060023065A1-20060202-D00013.TIF	files/00011.tif	15028	small
APPDT/I20060202.ZIP/I20060202/UTIL0024/US20060024457A1-20060202/US20060024457A1-20060202/US20060024457A1-20060202-D00001.TIF	files/00012.tif	16101	medium
APPDT/I20060202.ZIP/I20060202/UTIL0024/US20060024654A1-20060202/US20060024654A1-20060202/US20060024654A1-20060202-D00025.TIF	files/00013.tif	27883	medium
APPDT/I20060202.ZIP/I20060202/UTIL0024/US20060024720A1-20060202/US20060024720A1-20060202/US20060024720A1-20060202-D00007.TIF	files/00014.tif	20291	medium
APPDT/I20060202.ZIP/I20060202/UTIL0025/US20060025065A1-20060202/US20060025065A1-20060202/US20060025065A1-20060202-D00003.TIF	files/00015.tif	18856	medium
APPDT/I20060202.ZIP/I20060202/UTIL0025/US20060025415A1-20060202/US20060025415A1-20060202/US20060025415A1-20060202-C00025.TIF	files/00016.tif	906	tiny
APPDT/I20060202.ZIP/I20060202/UTIL0025/US20060025453A1-20060202/US20060025453A1-20060202/US20060025453A1-20060202-C00795.TIF	files/00017.tif	340	tiny
APPDT/I20060202.ZIP/I20060202/UTIL0025/US20060025460A1-20060202/US20060025460A1-20060202/US20060025460A1-20060202-C00584.TIF	files/00018.tif	496	tiny
APPDT/I20060202.ZIP/I20060202/UTIL0025/US20060025566A1-20060202/US20060025566A1-20060202/US20060025566A1-20060202-C00447.TIF	files/00019.tif	964	tiny
APPDT/I20060202.ZIP/I20060202/UTIL0025/US20060025589A1-20060202/US20060025589A1-20060202/US20060025589A1-20060202-C00029.TIF	files/00020.tif	626	tiny
APPDT/I20060202.ZIP/I20060202/UTIL0025/US20060025909A1-20060202/US20060025909A1-20060202/US20060025909A1-20060202-D00004.TIF	files/00021.tif	15996	medium
APPDT/I20060202.ZIP/I20060202/UTIL0025/US20060025942A1-20060202/US20060025942A1-20060202/US20060025942A1-20060202-D00014.TIF	files/00022.tif	6799	small
APPDT/I20060202.ZIP/I20060202/UTIL0026/US20060026268A1-20060202/US20060026268A1-20060202/US20060026268A1-20060202-D00007.TIF	files/00023.tif	14072	small
APPDT/I20060202.ZIP/I20060202/UTIL0026/US20060026367A1-20060202/US20060026367A1-20060202/US20060026367A1-20060202-D00003.TIF	files/00024.tif	5264	tiny
APPDT/I20060202.ZIP/I20060202/UTIL0026/US20060026452A1-20060202/US20060026452A1-20060202/US20060026452A1-20060202-D00004.TIF	files/00025.tif	21610	medium
APPDT/I20100107.ZIP/project/pdds/ICEApplication/I20100107/UTIL0000/US20100000276A1-20100107/US20100000276A1-20100107/US20100000276A1-20100107-D00002.TIF	files/00026.tif	23912	medium
APPDT/I20100107.ZIP/project/pdds/ICEApplication/I20100107/UTIL0000/US20100000566A1-20100107/US20100000566A1-20100107/US20100000566A1-20100107-D00019.TIF	files/00027.tif	20086	medium
APPDT/I20100107.ZIP/project/pdds/ICEApplication/I20100107/UTIL0001/US20100001086A1-20100107/US20100001086A1-20100107/US20100001086A1-20100107-D00004.TIF	files/00028.tif	12106	small
APPDT/I20100107.ZIP/project/pdds/ICEApplication/I20100107/UTIL0001/US20100001392A1-20100107/US20100001392A1-20100107/US20100001392A1-20100107-D00005.TIF	files/00029.tif	11084	small
APPDT/I20100107.ZIP/project/pdds/ICEApplication/I20100107/UTIL0002/US20100002019A1-20100107/US20100002019A1-20100107/US20100002019A1-20100107-D00007.TIF	files/00030.tif	3566	tiny
APPDT/I20100107.ZIP/project/pdds/ICEApplication/I20100107/UTIL0002/US20100002994A1-20100107/US20100002994A1-20100107/US20100002994A1-20100107-D00001.TIF	files/00031.tif	75337	large
APPDT/I20100107.ZIP/project/pdds/ICEApplication/I20100107/UTIL0003/US20100003038A1-20100107/US20100003038A1-20100107/US20100003038A1-20100107-D00002.TIF	files/00032.tif	10585	small
APPDT/I20100107.ZIP/project/pdds/ICEApplication/I20100107/UTIL0003/US20100003214A1-20100107/US20100003214A1-20100107/US20100003214A1-20100107-C01950.TIF	files/00033.tif	947	tiny
APPDT/I20100107.ZIP/project/pdds/ICEApplication/I20100107/UTIL0003/US20100003214A1-20100107/US20100003214A1-20100107/US20100003214A1-20100107-C04100.TIF	files/00034.tif	669	tiny
APPDT/I20100107.ZIP/project/pdds/ICEApplication/I20100107/UTIL0003/US20100003267A1-20100107/US20100003267A1-20100107/US20100003267A1-20100107-C00247.TIF	files/00035.tif	5950	tiny
APPDT/I20100107.ZIP/project/pdds/ICEApplication/I20100107/UTIL0003/US20100003652A1-20100107/US20100003652A1-20100107/US20100003652A1-20100107-D00033.TIF	files/00036.tif	17285	medium
APPDT/I20100107.ZIP/project/pdds/ICEApplication/I20100107/UTIL0003/US20100003724A1-20100107/US20100003724A1-20100107/US20100003724A1-20100107-C00029.TIF	files/00037.tif	1198	tiny
APPDT/I20100107.ZIP/project/pdds/ICEApplication/I20100107/UTIL0003/US20100003839A1-20100107/US20100003839A1-20100107/US20100003839A1-20100107-D00008.TIF	files/00038.tif	11902	small
APPDT/I20100107.ZIP/project/pdds/ICEApplication/I20100107/UTIL0003/US20100003866A1-20100107/US20100003866A1-20100107/US20100003866A1-20100107-D00001.TIF	files/00039.tif	42426	large
APPDT/I20100107.ZIP/project/pdds/ICEApplication/I20100107/UTIL0003/US20100003877A1-20100107/US20100003877A1-20100107/US20100003877A1-20100107-M00001.TIF	files/00040.tif	426	tiny
APPDT/I20100107.ZIP/project/pdds/ICEApplication/I20100107/UTIL0003/US20100003928A1-20100107/US20100003928A1-20100107/US20100003928A1-20100107-D00002.TIF	files/00041.tif	37270	large
APPDT/I20100107.ZIP/project/pdds/ICEApplication/I20100107/UTIL0004/US20100004220A1-20100107/US20100004220A1-20100107/US20100004220A1-20100107-C01329.TIF	files/00042.tif	610	tiny
APPDT/I20100107.ZIP/project/pdds/ICEApplication/I20100107/UTIL0004/US20100004220A1-20100107/US20100004220A1-20100107/US20100004220A1-20100107-C01362.TIF	files/00043.tif	696	tiny
APPDT/I20100107.ZIP/project/pdds/ICEApplication/I20100107/UTIL0004/US20100004220A1-20100107/US20100004220A1-20100107/US20100004220A1-20100107-C02144.TIF	files/00044.tif	569	tiny
APPDT/I20100107.ZIP/project/pdds/ICEApplication/I20100107/UTIL0004/US20100004220A1-20100107/US20100004220A1-20100107/US20100004220A1-20100107-C04953.TIF	files/00045.tif	827	tiny
APPDT/I20100107.ZIP/project/pdds/ICEApplication/I20100107/UTIL0004/US20100004239A1-20100107/US20100004239A1-20100107/US20100004239A1-20100107-C00266.TIF	files/00046.tif	2054	tiny
APPDT/I20100107.ZIP/project/pdds/ICEApplication/I20100107/UTIL0004/US20100004360A1-20100107/US20100004360A1-20100107/US20100004360A1-20100107-C00463.TIF	files/00047.tif	686	tiny
APPDT/I20100107.ZIP/project/pdds/ICEApplication/I20100107/UTIL0004/US20100004559A1-20100107/US20100004559A1-20100107/US20100004559A1-20100107-D00001.TIF	files/00048.tif	14028	small
APPDT/I20100107.ZIP/project/pdds/ICEApplication/I20100107/UTIL0004/US20100004616A1-20100107/US20100004616A1-20100107/US20100004616A1-20100107-D00007.TIF	files/00049.tif	13189	small
APPDT/I20100107.ZIP/project/pdds/ICEApplication/I20100107/UTIL0004/US20100004712A1-20100107/US20100004712A1-20100107/US20100004712A1-20100107-D00001.TIF	files/00050.tif	13145	small
APPDT/I20100107.ZIP/project/pdds/ICEApplication/I20100107/UTIL0004/US20100004930A1-20100107/US20100004930A1-20100107/US20100004930A1-20100107-D00000.TIF	files/00051.tif	30840	large
APPDT/I20100107.ZIP/project/pdds/ICEApplication/I20100107/UTIL0005/US20100005349A1-20100107/US20100005349A1-20100107/US20100005349A1-20100107-D00001.TIF	files/00052.tif	45578	large
APPDT/I20100107.ZIP/project/pdds/ICEApplication/I20100107/UTIL0005/US20100005424A1-20100107/US20100005424A1-20100107/US20100005424A1-20100107-D00006.TIF	files/00053.tif	7624	small
APPDT/I20130103.tar/I20130103/UTIL0000/US20130000205A1-20130103/US20130000205A1-20130103/US20130000205A1-20130103-D00002.TIF	files/00054.tif	8090	small
APPDT/I20130103.tar/I20130103/UTIL0000/US20130000264A1-20130103/US20130000264A1-20130103/US20130000264A1-20130103-D00001.TIF	files/00055.tif	14650	small
APPDT/I20130103.tar/I20130103/UTIL0000/US20130000418A1-20130103/US20130000418A1-20130103/US20130000418A1-20130103-D00021.TIF	files/00056.tif	57959	large
APPDT/I20130103.tar/I20130103/UTIL0001/US20130001404A1-20130103/US20130001404A1-20130103/US20130001404A1-20130103-D00005.TIF	files/00057.tif	30577	large
APPDT/I20130103.tar/I20130103/UTIL0001/US20130001617A1-20130103/US20130001617A1-20130103/US20130001617A1-20130103-D00006.TIF	files/00058.tif	24259	medium
APPDT/I20130103.tar/I20130103/UTIL0001/US20130001677A1-20130103/US20130001677A1-20130103/US20130001677A1-20130103-D00013.TIF	files/00059.tif	8401	small
APPDT/I20130103.tar/I20130103/UTIL0002/US20130002246A1-20130103/US20130002246A1-20130103/US20130002246A1-20130103-D00013.TIF	files/00060.tif	6559	small
APPDT/I20130103.tar/I20130103/UTIL0002/US20130002255A1-20130103/US20130002255A1-20130103/US20130002255A1-20130103-D00003.TIF	files/00061.tif	35273	large
APPDT/I20130103.tar/I20130103/UTIL0002/US20130002795A1-20130103/US20130002795A1-20130103/US20130002795A1-20130103-D00011.TIF	files/00062.tif	10979	small
APPDT/I20130103.tar/I20130103/UTIL0002/US20130002993A1-20130103/US20130002993A1-20130103/US20130002993A1-20130103-D00003.TIF	files/00063.tif	20291	medium
APPDT/I20130103.tar/I20130103/UTIL0003/US20130003140A1-20130103/US20130003140A1-20130103/US20130003140A1-20130103-M00024.TIF	files/00064.tif	846	tiny
APPDT/I20130103.tar/I20130103/UTIL0003/US20130003177A1-20130103/US20130003177A1-20130103/US20130003177A1-20130103-D00007.TIF	files/00065.tif	18129	medium
APPDT/I20130103.tar/I20130103/UTIL0004/US20130004171A1-20130103/US20130004171A1-20130103/US20130004171A1-20130103-D00005.TIF	files/00066.tif	20733	medium
APPDT/I20130103.tar/I20130103/UTIL0004/US20130004204A1-20130103/US20130004204A1-20130103/US20130004204A1-20130103-D00003.TIF	files/00067.tif	32609	large
APPDT/I20130103.tar/I20130103/UTIL0004/US20130004287A1-20130103/US20130004287A1-20130103/US20130004287A1-20130103-D00006.TIF	files/00068.tif	26825	medium
APPDT/I20130103.tar/I20130103/UTIL0004/US20130004454A1-20130103/US20130004454A1-20130103/US20130004454A1-20130103-C00006.TIF	files/00069.tif	2332	tiny
APPDT/I20130103.tar/I20130103/UTIL0004/US20130004457A1-20130103/US20130004457A1-20130103/US20130004457A1-20130103-C00003.TIF	files/00070.tif	2009	tiny
APPDT/I20130103.tar/I20130103/UTIL0004/US20130004462A1-20130103/US20130004462A1-20130103/US20130004462A1-20130103-D00008.TIF	files/00071.tif	184228	large
APPDT/I20130103.tar/I20130103/UTIL0005/US20130005013A1-20130103/US20130005013A1-20130103/US20130005013A1-20130103-D00002.TIF	files/00072.tif	11487	small
APPDT/I20130103.tar/I20130103/UTIL0005/US20130005115A1-20130103/US20130005115A1-20130103/US20130005115A1-20130103-D00010.TIF	files/00073.tif	13649	small
APPDT/I20130103.tar/I20130103/UTIL0005/US20130005321A1-20130103/US20130005321A1-20130103/US20130005321A1-20130103-D00002.TIF	files/00074.tif	15096	small
APPDT/I20130103.tar/I20130103/UTIL0005/US20130005603A1-20130103/US20130005603A1-20130103/US20130005603A1-20130103-D00001.TIF	files/00075.tif	52825	large
APPDT/I20130103.tar/I20130103/UTIL0005/US20130005717A1-20130103/US20130005717A1-20130103/US20130005717A1-20130103-C00089.TIF	files/00076.tif	1415	tiny
APPDT/I20130103.tar/I20130103/UTIL0005/US20130005755A1-20130103/US20130005755A1-20130103/US20130005755A1-20130103-C00032.TIF	files/00077.tif	1228	tiny
APPDT/I20130103.tar/I20130103/UTIL0005/US20130005763A1-20130103/US20130005763A1-20130103/US20130005763A1-20130103-D00006.TIF	files/00078.tif	10823	small
APPDT/I20130103.tar/I20130103/UTIL0005/US20130005937A1-20130103/US20130005937A1-20130103/US20130005937A1-20130103-C00072.TIF	files/00079.tif	2695	tiny
APPDT/I20130103.tar/I20130103/UTIL0006/US20130006121A1-20130103/US20130006121A1-20130103/US20130006121A1-20130103-D00009.TIF	files/00080.tif	19947	medium
APPDT/I20130103.tar/I20130103/UTIL0006/US20130006123A1-20130103/US20130006123A1-20130103/US20130006123A1-20130103-D00018.TIF	files/00081.tif	38187	large
APPDT/I20130103.tar/I20130103/UTIL0006/US20130006542A1-20130103/US20130006542A1-20130103/US20130006542A1-20130103-D00013.TIF	files/00082.tif	20686	medium
APPDT/I20130103.tar/I20130103/UTIL0006/US20130006729A1-20130103/US20130006729A1-20130103/US20130006729A1-20130103-D00076.TIF	files/00083.tif	102432	large
APPDT/I20130103.tar/I20130103/UTIL0007/US20130007405A1-20130103/US20130007405A1-20130103/US20130007405A1-20130103-D00001.TIF	files/00084.tif	5077	tiny
APPDT/I20130103.tar/I20130103/UTIL0007/US20130007431A1-20130103/US20130007431A1-20130103/US20130007431A1-20130103-D00000.TIF	files/00085.tif	7523	small
APPDT/I20130103.tar/I20130103/UTIL0007/US20130007594A1-20130103/US20130007594A1-20130103/US20130007594A1-20130103-D00013.TIF	files/00086.tif	100127	large
APPDT/I20130103.tar/I20130103/UTIL0007/US20130007632A1-20130103/US20130007632A1-20130103/US20130007632A1-20130103-D00001.TIF	files/00087.tif	31305	large
APPDT/I20130801.tar/I20130801/UTIL0192/US20130192035A1-20130801/US20130192035A1-20130801/US20130192035A1-20130801-D00008.TIF	files/00088.tif	17138	medium
APPDT/I20130801.tar/I20130801/UTIL0192/US20130192188A1-20130801/US20130192188A1-20130801/US20130192188A1-20130801-D00078.TIF	files/00089.tif	21688	medium
APPDT/I20130801.tar/I20130801/UTIL0192/US20130192371A1-20130801/US20130192371A1-20130801/US20130192371A1-20130801-D00006.TIF	files/00090.tif	118481	large
APPDT/I20130801.tar/I20130801/UTIL0193/US20130193382A1-20130801/US20130193382A1-20130801/US20130193382A1-20130801-C00313.TIF	files/00091.tif	2149	tiny
APPDT/I20130801.tar/I20130801/UTIL0193/US20130193704A1-20130801/US20130193704A1-20130801/US20130193704A1-20130801-D00002.TIF	files/00092.tif	32712	large
APPDT/I20130801.tar/I20130801/UTIL0194/US20130194048A1-20130801/US20130194048A1-20130801/US20130194048A1-20130801-M00006.TIF	files/00093.tif	702	tiny
APPDT/I20130801.tar/I20130801/UTIL0194/US20130194400A1-20130801/US20130194400A1-20130801/US20130194400A1-20130801-D00009.TIF	files/00094.tif	4906	tiny
APPDT/I20130801.tar/I20130801/UTIL0194/US20130194449A1-20130801/US20130194449A1-20130801/US20130194449A1-20130801-D00003.TIF	files/00095.tif	18385	medium
APPDT/I20130801.tar/I20130801/UTIL0194/US20130194500A1-20130801/US20130194500A1-20130801/US20130194500A1-20130801-D00016.TIF	files/00096.tif	10161	small
APPDT/I20130801.tar/I20130801/UTIL0194/US20130194928A1-20130801/US20130194928A1-20130801/US20130194928A1-20130801-M00004.TIF	files/00097.tif	475	tiny
APPDT/I20130801.tar/I20130801/UTIL0195/US20130195873A1-20130801/US20130195873A1-20130801/US20130195873A1-20130801-C00011.TIF	files/00098.tif	2028	tiny
APPDT/I20130801.tar/I20130801/UTIL0195/US20130195925A1-20130801/US20130195925A1-20130801/US20130195925A1-20130801-D00002.TIF	files/00099.tif	15069	small
APPDT/I20130801.tar/I20130801/UTIL0195/US20130195987A1-20130801/US20130195987A1-20130801/US20130195987A1-20130801-C01120.TIF	files/00100.tif	262	tiny
APPDT/I20130801.tar/I20130801/UTIL0196/US20130196600A1-20130801/US20130196600A1-20130801/US20130196600A1-20130801-D00002.TIF	files/00101.tif	9808	small
APPDT/I20130801.tar/I20130801/UTIL0196/US20130196738A1-20130801/US20130196738A1-20130801/US20130196738A1-20130801-D00013.TIF	files/00102.tif	31375	large
APPDT/I20130801.tar/I20130801/UTIL0196/US20130196964A1-20130801/US20130196964A1-20130801/US20130196964A1-20130801-C00226.TIF	files/00103.tif	1115	tiny
APPDT/I20130801.tar/I20130801/UTIL0197/US20130197843A1-20130801/US20130197843A1-20130801/US20130197843A1-20130801-D00016.TIF	files/00104.tif	8020	small
APPDT/I20130801.tar/I20130801/UTIL0198/US20130198047A1-20130801/US20130198047A1-20130801/US20130198047A1-20130801-D00000.TIF	files/00105.tif	18413	medium
APPDT/I20130801.tar/I20130801/UTIL0198/US20130198148A1-20130801/US20130198148A1-20130801/US20130198148A1-20130801-D00000.TIF	files/00106.tif	27876	medium
APPDT/I20130801.tar/I20130801/UTIL0198/US20130198898A1-20130801/US20130198898A1-20130801/US20130198898A1-20130801-D00035.TIF	files/00107.tif	121246	large
APPDT/I20180104.tar/I20180104-SUPP/UTIL0000/US20180000075A1-20180104-SUPP/US20180000075A1-20180104-SUPP/US20180000075A1-20180104-T00002/US20180000075A1-20180104-T00002-0343.TIF	files/00108.tif	35788	large
APPDT/I20180104.tar/I20180104/UTIL0000/US20180000080A1-20180104/US20180000080A1-20180104/US20180000080A1-20180104-C00246.TIF	files/00109.tif	2231	tiny
APPDT/I20180104.tar/I20180104/UTIL0000/US20180000241A1-20180104/US20180000241A1-20180104/US20180000241A1-20180104-D00005.TIF	files/00110.tif	17028	medium
APPDT/I20180104.tar/I20180104/UTIL0000/US20180000353A1-20180104/US20180000353A1-20180104/US20180000353A1-20180104-D00003.TIF	files/00111.tif	9409	small
APPDT/I20180104.tar/I20180104/UTIL0000/US20180000626A1-20180104/US20180000626A1-20180104/US20180000626A1-20180104-D00022.TIF	files/00112.tif	50244	large
APPDT/I20180104.tar/I20180104/UTIL0000/US20180000788A1-20180104/US20180000788A1-20180104/US20180000788A1-20180104-C00453.TIF	files/00113.tif	1595	tiny
APPDT/I20180104.tar/I20180104/UTIL0000/US20180000903A1-20180104/US20180000903A1-20180104/US20180000903A1-20180104-C00005.TIF	files/00114.tif	1016	tiny
APPDT/I20180104.tar/I20180104/UTIL0001/US20180001217A1-20180104/US20180001217A1-20180104/US20180001217A1-20180104-D00002.TIF	files/00115.tif	12650	small
APPDT/I20180104.tar/I20180104/UTIL0002/US20180002335A1-20180104/US20180002335A1-20180104/US20180002335A1-20180104-C00653.TIF	files/00116.tif	2013	tiny
APPDT/I20180104.tar/I20180104/UTIL0002/US20180002423A1-20180104/US20180002423A1-20180104/US20180002423A1-20180104-D00017.TIF	files/00117.tif	47547	large
APPDT/I20180104.tar/I20180104/UTIL0002/US20180002561A1-20180104/US20180002561A1-20180104/US20180002561A1-20180104-C00008.TIF	files/00118.tif	2929	tiny
APPDT/I20180104.tar/I20180104/UTIL0002/US20180002724A1-20180104/US20180002724A1-20180104/US20180002724A1-20180104-C00010.TIF	files/00119.tif	1878	tiny
APPDT/I20180104.tar/I20180104/UTIL0002/US20180002736A1-20180104/US20180002736A1-20180104/US20180002736A1-20180104-D00026.TIF	files/00120.tif	125704	large
APPDT/I20180104.tar/I20180104/UTIL0002/US20180002744A1-20180104/US20180002744A1-20180104/US20180002744A1-20180104-D00147.TIF	files/00121.tif	66276	large
APPDT/I20180104.tar/I20180104/UTIL0003/US20180003314A1-20180104/US20180003314A1-20180104/US20180003314A1-20180104-D00000.TIF	files/00122.tif	18834	medium
APPDT/I20180104.tar/I20180104/UTIL0003/US20180003594A1-20180104/US20180003594A1-20180104/US20180003594A1-20180104-D00003.TIF	files/00123.tif	12845	small
APPDT/I20180104.tar/I20180104/UTIL0003/US20180003601A1-20180104/US20180003601A1-20180104/US20180003601A1-20180104-D00038.TIF	files/00124.tif	69092	large
APPDT/I20180104.tar/I20180104/UTIL0003/US20180003732A1-20180104/US20180003732A1-20180104/US20180003732A1-20180104-D00026.TIF	files/00125.tif	67781	large
APPDT/I20180104.tar/I20180104/UTIL0003/US20180003760A1-20180104/US20180003760A1-20180104/US20180003760A1-20180104-D00005.TIF	files/00126.tif	6461	small
APPDT/I20180104.tar/I20180104/UTIL0003/US20180003939A1-20180104/US20180003939A1-20180104/US20180003939A1-20180104-D00000.TIF	files/00127.tif	25960	medium
APPDT/I20180104.tar/I20180104/UTIL0004/US20180004101A1-20180104/US20180004101A1-20180104/US20180004101A1-20180104-C00021.TIF	files/00128.tif	9311	small
APPDT/I20180104.tar/I20180104/UTIL0004/US20180004158A1-20180104/US20180004158A1-20180104/US20180004158A1-20180104-M00010.TIF	files/00129.tif	1987	tiny
APPDT/I20180104.tar/I20180104/UTIL0004/US20180004270A1-20180104/US20180004270A1-20180104/US20180004270A1-20180104-D00009.TIF	files/00130.tif	27134	medium
APPDT/I20180104.tar/I20180104/UTIL0004/US20180004345A1-20180104/US20180004345A1-20180104/US20180004345A1-20180104-D00012.TIF	files/00131.tif	23861	medium
APPDT/I20180104.tar/I20180104/UTIL0004/US20180004423A1-20180104/US20180004423A1-20180104/US20180004423A1-20180104-D00002.TIF	files/00132.tif	47657	large
APPDT/I20180104.tar/I20180104/UTIL0004/US20180004425A1-20180104/US20180004425A1-20180104/US20180004425A1-20180104-D00007.TIF	files/00133.tif	13791	small
APPDT/I20180104.tar/I20180104/UTIL0004/US20180004564A1-20180104/US20180004564A1-20180104/US20180004564A1-20180104-D00020.TIF	files/00134.tif	3107	tiny
APPDT/I20180104.tar/I20180104/UTIL0004/US20180004921A1-20180104/US20180004921A1-20180104/US20180004921A1-20180104-D00010.TIF	files/00135.tif	15629	medium
APPDT/I20180104.tar/I20180104/UTIL0004/US20180004939A1-20180104/US20180004939A1-20180104/US20180004939A1-20180104-D00001.TIF	files/00136.tif	83821	large
APPDT/I20180104.tar/I20180104/UTIL0004/US20180004971A1-20180104/US20180004971A1-20180104/US20180004971A1-20180104-D00000.TIF	files/00137.tif	45600	large
APPDT/I20180104.tar/I20180104/UTIL0005/US20180005074A1-20180104/US20180005074A1-20180104/US20180005074A1-20180104-D00019.TIF	files/00138.tif	74407	large
APPDT/I20180104.tar/I20180104/UTIL0005/US20180005602A1-20180104/US20180005602A1-20180104/US20180005602A1-20180104-D00003.TIF	files/00139.tif	13211	small
APPDT/I20180104.tar/I20180104/UTIL0005/US20180005724A1-20180104/US20180005724A1-20180104/US20180005724A1-20180104-C00003.TIF	files/00140.tif	1865	tiny
APPDT/I20180104.tar/I20180104/UTIL0005/US20180005738A1-20180104/US20180005738A1-20180104/US20180005738A1-20180104-D00001.TIF	files/00141.tif	6697	small
APPDT/I20180104.tar/I20180104/UTIL0005/US20180005911A1-20180104/US20180005911A1-20180104/US20180005911A1-20180104-D00006.TIF	files/00142.tif	9228	small
APPDT/I20180104.tar/I20180104/UTIL0006/US20180006049A1-20180104/US20180006049A1-20180104/US20180006049A1-20180104-D00046.TIF	files/00143.tif	197538	large
APPDT/I20180104.tar/I20180104/UTIL0006/US20180006237A1-20180104/US20180006237A1-20180104/US20180006237A1-20180104-C00320.TIF	files/00144.tif	1560	tiny
APPDT/I20180104.tar/I20180104/UTIL0006/US20180006237A1-20180104/US20180006237A1-20180104/US20180006237A1-20180104-C00332.TIF	files/00145.tif	2283	tiny
APPDT/I20180104.tar/I20180104/UTIL0006/US20180006274A1-20180104/US20180006274A1-20180104/US20180006274A1-20180104-D00010.TIF	files/00146.tif	19754	medium
APPDT/I20180104.tar/I20180104/UTIL0006/US20180006590A1-20180104/US20180006590A1-20180104/US20180006590A1-20180104-M00014.TIF	files/00147.tif	1688	tiny
APPDT/I20180104.tar/I20180104/UTIL0006/US20180006692A1-20180104/US20180006692A1-20180104/US20180006692A1-20180104-M00092.TIF	files/00148.tif	530	tiny
APPDT/I20180104.tar/I20180104/UTIL0006/US20180006777A1-20180104/US20180006777A1-20180104/US20180006777A1-20180104-D00041.TIF	files/00149.tif	55548	large
APPDT/I20180104.tar/I20180104/UTIL0006/US20180006844A1-20180104/US20180006844A1-20180104/US20180006844A1-20180104-D00012.TIF	files/00150.tif	14647	small
APPDT/I20180104.tar/I20180104/UTIL0007/US20180007280A1-20180104/US20180007280A1-20180104/US20180007280A1-20180104-D00005.TIF	files/00151.tif	33851	large
APPDT/I20180104.tar/I20180104/UTIL0007/US20180007372A1-20180104/US20180007372A1-20180104/US20180007372A1-20180104-M00042.TIF	files/00152.tif	2654	tiny
APPDT/I20211104.tar/I20211104/UTIL0338/US20210338253A1-20211104/US20210338253A1-20211104/US20210338253A1-20211104-D00001.TIF	files/00153.tif	15878	medium
APPDT/I20211104.tar/I20211104/UTIL0338/US20210338253A1-20211104/US20210338253A1-20211104/US20210338253A1-20211104-D00037.TIF	files/00154.tif	20174	medium
APPDT/I20211104.tar/I20211104/UTIL0338/US20210338454A1-20211104/US20210338454A1-20211104/US20210338454A1-20211104-D00009.TIF	files/00155.tif	43072	large
APPDT/I20211104.tar/I20211104/UTIL0338/US20210338610A1-20211104/US20210338610A1-20211104/US20210338610A1-20211104-C00063.TIF	files/00156.tif	743	tiny
APPDT/I20211104.tar/I20211104/UTIL0338/US20210338729A1-20211104/US20210338729A1-20211104/US20210338729A1-20211104-D00057.TIF	files/00157.tif	125198	large
APPDT/I20211104.tar/I20211104/UTIL0338/US20210338804A1-20211104/US20210338804A1-20211104/US20210338804A1-20211104-D00079.TIF	files/00158.tif	60185	large
APPDT/I20211104.tar/I20211104/UTIL0339/US20210339207A1-20211104/US20210339207A1-20211104/US20210339207A1-20211104-D00003.TIF	files/00159.tif	289724	large
APPDT/I20211104.tar/I20211104/UTIL0339/US20210339431A1-20211104/US20210339431A1-20211104/US20210339431A1-20211104-D00004.TIF	files/00160.tif	13284	small
APPDT/I20211104.tar/I20211104/UTIL0339/US20210339602A1-20211104/US20210339602A1-20211104/US20210339602A1-20211104-D00004.TIF	files/00161.tif	5477	tiny
APPDT/I20211104.tar/I20211104/UTIL0340/US20210340040A1-20211104/US20210340040A1-20211104/US20210340040A1-20211104-D00005.TIF	files/00162.tif	18607	medium
APPDT/I20211104.tar/I20211104/UTIL0340/US20210340125A1-20211104/US20210340125A1-20211104/US20210340125A1-20211104-C00014.TIF	files/00163.tif	1862	tiny
APPDT/I20211104.tar/I20211104/UTIL0340/US20210340146A1-20211104/US20210340146A1-20211104/US20210340146A1-20211104-C00075.TIF	files/00164.tif	2222	tiny
APPDT/I20211104.tar/I20211104/UTIL0340/US20210340157A1-20211104/US20210340157A1-20211104/US20210340157A1-20211104-C00241.TIF	files/00165.tif	2557	tiny
APPDT/I20211104.tar/I20211104/UTIL0340/US20210340159A1-20211104/US20210340159A1-20211104/US20210340159A1-20211104-C00219.TIF	files/00166.tif	9698	small
APPDT/I20211104.tar/I20211104/UTIL0340/US20210340593A1-20211104/US20210340593A1-20211104/US20210340593A1-20211104-C00012.TIF	files/00167.tif	13935	small
APPDT/I20211104.tar/I20211104/UTIL0341/US20210341679A1-20211104/US20210341679A1-20211104/US20210341679A1-20211104-D00045.TIF	files/00168.tif	34635	large
APPDT/I20211104.tar/I20211104/UTIL0341/US20210341838A1-20211104/US20210341838A1-20211104/US20210341838A1-20211104-C00049.TIF	files/00169.tif	856	tiny
APPDT/I20211104.tar/I20211104/UTIL0341/US20210341838A1-20211104/US20210341838A1-20211104/US20210341838A1-20211104-C00069.TIF	files/00170.tif	785	tiny
APPDT/I20211104.tar/I20211104/UTIL0342/US20210342206A1-20211104/US20210342206A1-20211104/US20210342206A1-20211104-D00010.TIF	files/00171.tif	144805	large
APPDT/I20211104.tar/I20211104/UTIL0342/US20210342385A1-20211104/US20210342385A1-20211104/US20210342385A1-20211104-D00013.TIF	files/00172.tif	304948	large
APPDT/I20211104.tar/I20211104/UTIL0342/US20210342802A1-20211104/US20210342802A1-20211104/US20210342802A1-20211104-D00005.TIF	files/00173.tif	6918	small
APPDT/I20211104.tar/I20211104/UTIL0343/US20210343074A1-20211104/US20210343074A1-20211104/US20210343074A1-20211104-D00002.TIF	files/00174.tif	33322	large
APPDT/I20211104.tar/I20211104/UTIL0343/US20210343308A1-20211104/US20210343308A1-20211104/US20210343308A1-20211104-M00001.TIF	files/00175.tif	704	tiny
APPDT/I20211104.tar/I20211104/UTIL0343/US20210343402A1-20211104/US20210343402A1-20211104/US20210343402A1-20211104-D00005.TIF	files/00176.tif	21825	medium
APPDT/I20211104.tar/I20211104/UTIL0343/US20210343454A1-20211104/US20210343454A1-20211104/US20210343454A1-20211104-D00000.TIF	files/00177.tif	10209	small
APPDT/I20211104.tar/I20211104/UTIL0343/US20210343455A1-20211104/US20210343455A1-20211104/US20210343455A1-20211104-D00001.TIF	files/00178.tif	13193	small
APPDT/I20211104.tar/I20211104/UTIL0343/US20210343858A1-20211104/US20210343858A1-20211104/US20210343858A1-20211104-D00010.TIF	files/00179.tif	50434	large
APPDT/I20211104.tar/I20211104/UTIL0343/US20210343979A1-20211104/US20210343979A1-20211104/US20210343979A1-20211104-D00005.TIF	files/00180.tif	10260	small
APPDT/I20211104.tar/I20211104/UTIL0344/US20210344723A1-20211104/US20210344723A1-20211104/US20210344723A1-20211104-D00020.TIF	files/00181.tif	15573	medium
APPDT/I20211104.tar/I20211104/UTIL0344/US20210344938A1-20211104/US20210344938A1-20211104/US20210344938A1-20211104-D00007.TIF	files/00182.tif	8120	small
APPDT/I20211104.tar/I20211104/UTIL0344/US20210344952A1-20211104/US20210344952A1-20211104/US20210344952A1-20211104-M00008.TIF	files/00183.tif	927	tiny
APPDT/I20211104.tar/I20211104/UTIL0345/US20210345117A1-20211104/US20210345117A1-20211104/US20210345117A1-20211104-D00003.TIF	files/00184.tif	8483	small
APPDT/I20220106.tar/I20220106/UTIL0000/US20220000094A1-20220106/US20220000094A1-20220106/US20220000094A1-20220106-D00001.TIF	files/00185.tif	25797	medium
APPDT/I20220106.tar/I20220106/UTIL0000/US20220000275A1-20220106/US20220000275A1-20220106/US20220000275A1-20220106-D00001.TIF	files/00186.tif	24066	medium
APPDT/I20220106.tar/I20220106/UTIL0000/US20220000379A1-20220106/US20220000379A1-20220106/US20220000379A1-20220106-D00007.TIF	files/00187.tif	20214	medium
APPDT/I20220106.tar/I20220106/UTIL0000/US20220000548A1-20220106/US20220000548A1-20220106/US20220000548A1-20220106-D00001.TIF	files/00188.tif	142590	large
APPDT/I20220106.tar/I20220106/UTIL0000/US20220000645A1-20220106/US20220000645A1-20220106/US20220000645A1-20220106-D00012.TIF	files/00189.tif	31528	large
APPDT/I20220106.tar/I20220106/UTIL0000/US20220000874A1-20220106/US20220000874A1-20220106/US20220000874A1-20220106-C00131.TIF	files/00190.tif	2607	tiny
APPDT/I20220106.tar/I20220106/UTIL0001/US20220001079A1-20220106/US20220001079A1-20220106/US20220001079A1-20220106-D00006.TIF	files/00191.tif	25049	medium
APPDT/I20220106.tar/I20220106/UTIL0001/US20220001118A1-20220106/US20220001118A1-20220106/US20220001118A1-20220106-D00024.TIF	files/00192.tif	145305	large
APPDT/I20220106.tar/I20220106/UTIL0001/US20220001494A1-20220106/US20220001494A1-20220106/US20220001494A1-20220106-D00012.TIF	files/00193.tif	24400	medium
APPDT/I20220106.tar/I20220106/UTIL0001/US20220001595A1-20220106/US20220001595A1-20220106/US20220001595A1-20220106-D00013.TIF	files/00194.tif	88488	large
APPDT/I20220106.tar/I20220106/UTIL0001/US20220001706A1-20220106/US20220001706A1-20220106/US20220001706A1-20220106-D00002.TIF	files/00195.tif	20068	medium
APPDT/I20220106.tar/I20220106/UTIL0001/US20220001709A1-20220106/US20220001709A1-20220106/US20220001709A1-20220106-D00003.TIF	files/00196.tif	27003	medium
APPDT/I20220106.tar/I20220106/UTIL0001/US20220001777A1-20220106/US20220001777A1-20220106/US20220001777A1-20220106-D00002.TIF	files/00197.tif	261657	large
APPDT/I20220106.tar/I20220106/UTIL0001/US20220001871A1-20220106/US20220001871A1-20220106/US20220001871A1-20220106-D00001.TIF	files/00198.tif	43233	large
APPDT/I20220106.tar/I20220106/UTIL0002/US20220002083A1-20220106/US20220002083A1-20220106/US20220002083A1-20220106-D00027.TIF	files/00199.tif	52115	large
APPDT/I20220106.tar/I20220106/UTIL0002/US20220002103A1-20220106/US20220002103A1-20220106/US20220002103A1-20220106-D00005.TIF	files/00200.tif	15493	medium
APPDT/I20220106.tar/I20220106/UTIL0002/US20220002225A1-20220106/US20220002225A1-20220106/US20220002225A1-20220106-C00006.TIF	files/00201.tif	5739	tiny
APPDT/I20220106.tar/I20220106/UTIL0002/US20220002229A1-20220106/US20220002229A1-20220106/US20220002229A1-20220106-D00002.TIF	files/00202.tif	29568	medium
APPDT/I20220106.tar/I20220106/UTIL0002/US20220002277A1-20220106/US20220002277A1-20220106/US20220002277A1-20220106-C00063.TIF	files/00203.tif	1533	tiny
APPDT/I20220106.tar/I20220106/UTIL0002/US20220002329A1-20220106/US20220002329A1-20220106/US20220002329A1-20220106-C00148.TIF	files/00204.tif	9388	small
APPDT/I20220106.tar/I20220106/UTIL0002/US20220002511A1-20220106/US20220002511A1-20220106/US20220002511A1-20220106-D00032.TIF	files/00205.tif	875294	large
APPDT/I20220106.tar/I20220106/UTIL0002/US20220002943A1-20220106/US20220002943A1-20220106/US20220002943A1-20220106-D00000.TIF	files/00206.tif	50558	large
APPDT/I20220106.tar/I20220106/UTIL0003/US20220003159A1-20220106/US20220003159A1-20220106/US20220003159A1-20220106-D00015.TIF	files/00207.tif	29572	medium
APPDT/I20220106.tar/I20220106/UTIL0003/US20220003767A1-20220106/US20220003767A1-20220106/US20220003767A1-20220106-D00004.TIF	files/00208.tif	117943	large
APPDT/I20220106.tar/I20220106/UTIL0003/US20220003780A1-20220106/US20220003780A1-20220106/US20220003780A1-20220106-D00007.TIF	files/00209.tif	77541	large
APPDT/I20220106.tar/I20220106/UTIL0004/US20220004005A1-20220106/US20220004005A1-20220106/US20220004005A1-20220106-D00008.TIF	files/00210.tif	7269	small
APPDT/I20220106.tar/I20220106/UTIL0004/US20220004100A1-20220106/US20220004100A1-20220106/US20220004100A1-20220106-C00166.TIF	files/00211.tif	1848	tiny
APPDT/I20220106.tar/I20220106/UTIL0004/US20220004266A1-20220106/US20220004266A1-20220106/US20220004266A1-20220106-D00005.TIF	files/00212.tif	58489	large
APPDT/I20220106.tar/I20220106/UTIL0004/US20220004394A1-20220106/US20220004394A1-20220106/US20220004394A1-20220106-D00001.TIF	files/00213.tif	23702	medium
APPDT/I20220106.tar/I20220106/UTIL0004/US20220004464A1-20220106/US20220004464A1-20220106/US20220004464A1-20220106-D00005.TIF	files/00214.tif	69012	large
APPDT/I20220106.tar/I20220106/UTIL0004/US20220004562A1-20220106/US20220004562A1-20220106/US20220004562A1-20220106-D00002.TIF	files/00215.tif	11239	small
APPDT/I20220106.tar/I20220106/UTIL0004/US20220004580A1-20220106/US20220004580A1-20220106/US20220004580A1-20220106-D00005.TIF	files/00216.tif	11286	small
APPDT/I20220106.tar/I20220106/UTIL0005/US20220005168A1-20220106/US20220005168A1-20220106/US20220005168A1-20220106-D00011.TIF	files/00217.tif	25642	medium
APPDT/I20220106.tar/I20220106/UTIL0005/US20220005727A1-20220106/US20220005727A1-20220106/US20220005727A1-20220106-D00002.TIF	files/00218.tif	26740	medium
APPDT/I20220106.tar/I20220106/UTIL0005/US20220005818A1-20220106/US20220005818A1-20220106/US20220005818A1-20220106-D00020.TIF	files/00219.tif	1332116	large
APPDT/I20220106.tar/I20220106/UTIL0006/US20220006022A1-20220106/US20220006022A1-20220106/US20220006022A1-20220106-C00063.TIF	files/00220.tif	9680	small
APPDT/I20220106.tar/I20220106/UTIL0006/US20220006030A1-20220106/US20220006030A1-20220106/US20220006030A1-20220106-C00005.TIF	files/00221.tif	8763	small
APPDT/I20220106.tar/I20220106/UTIL0006/US20220006885A1-20220106/US20220006885A1-20220106/US20220006885A1-20220106-D00081.TIF	files/00222.tif	87332	large
APPDT/I20220106.tar/I20220106/UTIL0007/US20220007046A1-20220106/US20220007046A1-20220106/US20220007046A1-20220106-M00006.TIF	files/00223.tif	995	tiny
APPDT/I20220106.tar/I20220106/UTIL0007/US20220007417A1-20220106/US20220007417A1-20220106/US20220007417A1-20220106-D00000.TIF	files/00224.tif	49370	large
APPDT/I20220106.tar/I20220106/UTIL0007/US20220007559A1-20220106/US20220007559A1-20220106/US20220007559A1-20220106-D00001.TIF	files/00225.tif	43600	large
APPDT/I20240104_r1.tar/I20240104-SUPP/UTIL0002/US20240002480A1-20240104-SUPP/US20240002480A1-20240104-SUPP/US20240002480A1-20240104-T00010/US20240002480A1-20240104-T00010-0062.TIF	files/00226.tif	1053428	large
APPDT/I20240104_r1.tar/I20240104/UTIL0000/US20240000224A1-20240104/US20240000224A1-20240104/US20240000224A1-20240104-D00001.TIF	files/00227.tif	113715	large
APPDT/I20240104_r1.tar/I20240104/UTIL0000/US20240000317A1-20240104/US20240000317A1-20240104/US20240000317A1-20240104-D00082.TIF	files/00228.tif	31929	large
APPDT/I20240104_r1.tar/I20240104/UTIL0000/US20240000451A1-20240104/US20240000451A1-20240104/US20240000451A1-20240104-D00027.TIF	files/00229.tif	23570	medium
APPDT/I20240104_r1.tar/I20240104/UTIL0000/US20240000502A1-20240104/US20240000502A1-20240104/US20240000502A1-20240104-D00002.TIF	files/00230.tif	8387	small
APPDT/I20240104_r1.tar/I20240104/UTIL0000/US20240000505A1-20240104/US20240000505A1-20240104/US20240000505A1-20240104-D00026.TIF	files/00231.tif	13872	small
APPDT/I20240104_r1.tar/I20240104/UTIL0000/US20240000805A1-20240104/US20240000805A1-20240104/US20240000805A1-20240104-D00036.TIF	files/00232.tif	71972	large
APPDT/I20240104_r1.tar/I20240104/UTIL0000/US20240000806A1-20240104/US20240000806A1-20240104/US20240000806A1-20240104-C00444.TIF	files/00233.tif	10103	small
APPDT/I20240104_r1.tar/I20240104/UTIL0000/US20240000844A1-20240104/US20240000844A1-20240104/US20240000844A1-20240104-D00007.TIF	files/00234.tif	182308	large
APPDT/I20240104_r1.tar/I20240104/UTIL0000/US20240000888A1-20240104/US20240000888A1-20240104/US20240000888A1-20240104-D00006.TIF	files/00235.tif	75530	large
APPDT/I20240104_r1.tar/I20240104/UTIL0002/US20240002281A1-20240104/US20240002281A1-20240104/US20240002281A1-20240104-D00010.TIF	files/00236.tif	22186	medium
APPDT/I20240104_r1.tar/I20240104/UTIL0002/US20240002391A1-20240104/US20240002391A1-20240104/US20240002391A1-20240104-C00352.TIF	files/00237.tif	1881	tiny
APPDT/I20240104_r1.tar/I20240104/UTIL0002/US20240002391A1-20240104/US20240002391A1-20240104/US20240002391A1-20240104-C01180.TIF	files/00238.tif	12396	small
APPDT/I20240104_r1.tar/I20240104/UTIL0002/US20240002426A1-20240104/US20240002426A1-20240104/US20240002426A1-20240104-C00100.TIF	files/00239.tif	9785	small
APPDT/I20240104_r1.tar/I20240104/UTIL0002/US20240002644A1-20240104/US20240002644A1-20240104/US20240002644A1-20240104-D00015.TIF	files/00240.tif	12088	small
APPDT/I20240104_r1.tar/I20240104/UTIL0002/US20240002937A1-20240104/US20240002937A1-20240104/US20240002937A1-20240104-P00015.TIF	files/00241.tif	746	tiny
APPDT/I20240104_r1.tar/I20240104/UTIL0003/US20240003301A1-20240104/US20240003301A1-20240104/US20240003301A1-20240104-D00014.TIF	files/00242.tif	9224	small
APPDT/I20240104_r1.tar/I20240104/UTIL0003/US20240003829A1-20240104/US20240003829A1-20240104/US20240003829A1-20240104-D00003.TIF	files/00243.tif	24312	medium
APPDT/I20240104_r1.tar/I20240104/UTIL0004/US20240004090A1-20240104/US20240004090A1-20240104/US20240004090A1-20240104-D00014.TIF	files/00244.tif	20727	medium
APPDT/I20240104_r1.tar/I20240104/UTIL0004/US20240004338A1-20240104/US20240004338A1-20240104/US20240004338A1-20240104-D00016.TIF	files/00245.tif	26200	medium
APPDT/I20240104_r1.tar/I20240104/UTIL0004/US20240004503A1-20240104/US20240004503A1-20240104/US20240004503A1-20240104-D00015.TIF	files/00246.tif	73627	large
APPDT/I20240104_r1.tar/I20240104/UTIL0004/US20240004561A1-20240104/US20240004561A1-20240104/US20240004561A1-20240104-D00007.TIF	files/00247.tif	45534	large
APPDT/I20240104_r1.tar/I20240104/UTIL0005/US20240005030A1-20240104/US20240005030A1-20240104/US20240005030A1-20240104-M00005.TIF	files/00248.tif	960	tiny
APPDT/I20240104_r1.tar/I20240104/UTIL0006/US20240006610A1-20240104/US20240006610A1-20240104/US20240006610A1-20240104-D00012.TIF	files/00249.tif	35890	large
APPDT/I20240104_r1.tar/I20240104/UTIL0006/US20240006850A1-20240104/US20240006850A1-20240104/US20240006850A1-20240104-D00001.TIF	files/00250.tif	17833	medium
APPDT/I20240104_r1.tar/I20240104/UTIL0006/US20240006922A1-20240104/US20240006922A1-20240104/US20240006922A1-20240104-D00016.TIF	files/00251.tif	13547	small
APPDT/I20240104_r1.tar/I20240104/UTIL0006/US20240006943A1-20240104/US20240006943A1-20240104/US20240006943A1-20240104-D00015.TIF	files/00252.tif	42426	large
APPDT/I20240104_r1.tar/I20240104/UTIL0007/US20240007016A1-20240104/US20240007016A1-20240104/US20240007016A1-20240104-D00004.TIF	files/00253.tif	48102	large
APPDT/I20240104_r1.tar/I20240104/UTIL0007/US20240007062A1-20240104/US20240007062A1-20240104/US20240007062A1-20240104-M00012.TIF	files/00254.tif	688	tiny
APPDT/I20240104_r1.tar/I20240104/UTIL0007/US20240007275A1-20240104/US20240007275A1-20240104/US20240007275A1-20240104-D00006.TIF	files/00255.tif	22075	medium
APPDT/I20240104_r1.tar/I20240104/UTIL0007/US20240007290A1-20240104/US20240007290A1-20240104/US20240007290A1-20240104-D00003.TIF	files/00256.tif	122165	large
APPDT/I20240104_r1.tar/I20240104/UTIL0007/US20240007404A1-20240104/US20240007404A1-20240104/US20240007404A1-20240104-D00010.TIF	files/00257.tif	23337	medium
APPDT/I20240104_r1.tar/I20240104/UTIL0007/US20240007792A1-20240104/US20240007792A1-20240104/US20240007792A1-20240104-D00005.TIF	files/00258.tif	11482	small
APPDT/I20240104_r1.tar/I20240104/UTIL0008/US20240008046A1-20240104/US20240008046A1-20240104/US20240008046A1-20240104-D00010.TIF	files/00259.tif	8999	small
APPDT/I20240104_r1.tar/I20240104/UTIL0008/US20240008360A1-20240104/US20240008360A1-20240104/US20240008360A1-20240104-C00616.TIF	files/00260.tif	11625	small
PTGRDT/20020101.ZIP/20020101/UTIL06334/US06334427-20020101/US06334427-20020101/US06334427-20020101-D00012.TIF	files/00261.tif	30370	medium
PTGRDT/20020101.ZIP/20020101/UTIL06334/US06334783-20020101/US06334783-20020101/US06334783-20020101-D00002.TIF	files/00262.tif	24492	medium
PTGRDT/20020101.ZIP/20020101/UTIL06334/US06334937-20020101/US06334937-20020101/US06334937-20020101-D00011.TIF	files/00263.tif	35323	large
PTGRDT/20020101.ZIP/20020101/UTIL06335/US06335327-20020101/US06335327-20020101/US06335327-20020101-C01326.TIF	files/00264.tif	568	tiny
PTGRDT/20020101.ZIP/20020101/UTIL06335/US06335362-20020101/US06335362-20020101/US06335362-20020101-C00009.TIF	files/00265.tif	7490	small
PTGRDT/20020101.ZIP/20020101/UTIL06336/US06336180-20020101/US06336180-20020101/US06336180-20020101-D00066.TIF	files/00266.tif	29636	medium
PTGRDT/20020101.ZIP/20020101/UTIL06336/US06336199-20020101/US06336199-20020101/US06336199-20020101-D00000.TIF	files/00267.tif	66610	large
PTGRDT/I20050104.ZIP/I20050104/UTIL06837/US06837522-20050104/US06837522-20050104/US06837522-20050104-D00000.TIF	files/00268.tif	11600	small
PTGRDT/I20050104.ZIP/I20050104/UTIL06837/US06837927-20050104/US06837927-20050104/US06837927-20050104-D00015.TIF	files/00269.tif	21749	medium
PTGRDT/I20050104.ZIP/I20050104/UTIL06838/US06838459-20050104/US06838459-20050104/US06838459-20050104-C00362.TIF	files/00270.tif	2554	tiny
PTGRDT/I20050104.ZIP/I20050104/UTIL06838/US06838527-20050104/US06838527-20050104/US06838527-20050104-C00019.TIF	files/00271.tif	1252	tiny
PTGRDT/I20050104.ZIP/I20050104/UTIL06838/US06838561-20050104/US06838561-20050104/US06838561-20050104-C00123.TIF	files/00272.tif	688	tiny
PTGRDT/I20050104.ZIP/I20050104/UTIL06839/US06839542-20050104/US06839542-20050104/US06839542-20050104-D00008.TIF	files/00273.tif	27623	medium
PTGRDT/I20050104.ZIP/I20050104/UTIL06839/US06839710-20050104/US06839710-20050104/US06839710-20050104-D00000.TIF	files/00274.tif	18381	medium
PTGRDT/I20060502.ZIP/I20060502/UTIL07036/US07036416-20060502/US07036416-20060502/US07036416-20060502-D00008.TIF	files/00275.tif	8380	small
PTGRDT/I20060502.ZIP/I20060502/UTIL07036/US07036512-20060502/US07036512-20060502/US07036512-20060502-D00009.TIF	files/00276.tif	16992	medium
PTGRDT/I20060502.ZIP/I20060502/UTIL07036/US07036771-20060502/US07036771-20060502/US07036771-20060502-D00018.TIF	files/00277.tif	21148	medium
PTGRDT/I20060502.ZIP/I20060502/UTIL07037/US07037365-20060502/US07037365-20060502/US07037365-20060502-C00138.TIF	files/00278.tif	408	tiny
PTGRDT/I20060502.ZIP/I20060502/UTIL07037/US07037895-20060502/US07037895-20060502/US07037895-20060502-D00005.TIF	files/00279.tif	482140	large
PTGRDT/I20060502.ZIP/I20060502/UTIL07037/US07037913-20060502/US07037913-20060502/US07037913-20060502-C00045.TIF	files/00280.tif	6680	small
PTGRDT/I20060502.ZIP/I20060502/UTIL07038/US07038409-20060502/US07038409-20060502/US07038409-20060502-D00003.TIF	files/00281.tif	26832	medium
PTGRDT/I20060502.ZIP/I20060502/UTIL07039/US07039308-20060502/US07039308-20060502/US07039308-20060502-D00010.TIF	files/00282.tif	48993	large
PTGRDT/I20060502.ZIP/I20060502/UTIL07039/US07039434-20060502/US07039434-20060502/US07039434-20060502-D00004.TIF	files/00283.tif	8116	small
PTGRDT/I20100105.zip/project/pdds/ICEwithdraw/I20100105/UTIL07640/US07640789-20100105/US07640789-20100105/US07640789-20100105-D00011.TIF	files/00284.tif	26150	medium
PTGRDT/I20100105.zip/project/pdds/ICEwithdraw/I20100105/UTIL07641/US07641483-20100105/US07641483-20100105/US07641483-20100105-D00003.TIF	files/00285.tif	31217	large
PTGRDT/I20100105.zip/project/pdds/ICEwithdraw/I20100105/UTIL07642/US07642053-20100105/US07642053-20100105/US07642053-20100105-D00002.TIF	files/00286.tif	15844	medium
PTGRDT/I20100105.zip/project/pdds/ICEwithdraw/I20100105/UTIL07642/US07642173-20100105/US07642173-20100105/US07642173-20100105-D00028.TIF	files/00287.tif	11777	small
PTGRDT/I20100105.zip/project/pdds/ICEwithdraw/I20100105/UTIL07642/US07642278-20100105/US07642278-20100105/US07642278-20100105-C00075.TIF	files/00288.tif	1118	tiny
PTGRDT/I20100105.zip/project/pdds/ICEwithdraw/I20100105/UTIL07642/US07642278-20100105/US07642278-20100105/US07642278-20100105-C00397.TIF	files/00289.tif	2196	tiny
PTGRDT/I20100105.zip/project/pdds/ICEwithdraw/I20100105/UTIL07642/US07642358-20100105/US07642358-20100105/US07642358-20100105-C00345.TIF	files/00290.tif	5763	tiny
PTGRDT/I20100105.zip/project/pdds/ICEwithdraw/I20100105/UTIL07643/US07643084-20100105/US07643084-20100105/US07643084-20100105-D00008.TIF	files/00291.tif	14417	small
PTGRDT/I20100105.zip/project/pdds/ICEwithdraw/I20100105/UTIL07643/US07643097-20100105/US07643097-20100105/US07643097-20100105-D00000.TIF	files/00292.tif	12343	small
PTGRDT/I20100105.zip/project/pdds/ICEwithdraw/I20100105/UTIL07643/US07643543-20100105/US07643543-20100105/US07643543-20100105-D00027.TIF	files/00293.tif	10980	small
PTGRDT/I20100105.zip/project/pdds/ICEwithdraw/I20100105/UTIL07644/US07644012-20100105/US07644012-20100105/US07644012-20100105-D00003.TIF	files/00294.tif	22585	medium
PTGRDT/I20100105.zip/project/pdds/ICEwithdraw/I20100105/UTIL07644/US07644042-20100105/US07644042-20100105/US07644042-20100105-D00008.TIF	files/00295.tif	33730	large
PTGRDT/I20100105.zip/project/pdds/ICEwithdraw/I20100105/UTIL07644/US07644295-20100105/US07644295-20100105/US07644295-20100105-D00002.TIF	files/00296.tif	12203	small
PTGRDT/I20130101.tar/I20130101/UTIL08341/US08341797-20130101/US08341797-20130101/US08341797-20130101-D00002.TIF	files/00297.tif	21060	medium
PTGRDT/I20130101.tar/I20130101/UTIL08341/US08341913-20130101/US08341913-20130101/US08341913-20130101-D00006.TIF	files/00298.tif	17345	medium
PTGRDT/I20130101.tar/I20130101/UTIL08342/US08342041-20130101/US08342041-20130101/US08342041-20130101-D00001.TIF	files/00299.tif	19290	medium
PTGRDT/I20130101.tar/I20130101/UTIL08342/US08342189-20130101/US08342189-20130101/US08342189-20130101-D00008.TIF	files/00300.tif	26865	medium
PTGRDT/I20130101.tar/I20130101/UTIL08342/US08342852-20130101/US08342852-20130101/US08342852-20130101-D00014.TIF	files/00301.tif	7881	small
PTGRDT/I20130101.tar/I20130101/UTIL08343/US08343374-20130101/US08343374-20130101/US08343374-20130101-C00015.TIF	files/00302.tif	4569	tiny
PTGRDT/I20130101.tar/I20130101/UTIL08343/US08343381-20130101/US08343381-20130101/US08343381-20130101-C00028.TIF	files/00303.tif	1935	tiny
PTGRDT/I20130101.tar/I20130101/UTIL08343/US08343477-20130101/US08343477-20130101/US08343477-20130101-C00059.TIF	files/00304.tif	756	tiny
PTGRDT/I20130101.tar/I20130101/UTIL08343/US08343496-20130101/US08343496-20130101/US08343496-20130101-D00010.TIF	files/00305.tif	5634	tiny
PTGRDT/I20130101.tar/I20130101/UTIL08343/US08343706-20130101/US08343706-20130101/US08343706-20130101-C00013.TIF	files/00306.tif	1165	tiny
PTGRDT/I20130101.tar/I20130101/UTIL08343/US08343754-20130101/US08343754-20130101/US08343754-20130101-C00001.TIF	files/00307.tif	4135	tiny
PTGRDT/I20130101.tar/I20130101/UTIL08343/US08343973-20130101/US08343973-20130101/US08343973-20130101-C00380.TIF	files/00308.tif	841	tiny
PTGRDT/I20130101.tar/I20130101/UTIL08343/US08343980-20130101/US08343980-20130101/US08343980-20130101-C00207.TIF	files/00309.tif	1725	tiny
PTGRDT/I20130101.tar/I20130101/UTIL08343/US08343980-20130101/US08343980-20130101/US08343980-20130101-C00320.TIF	files/00310.tif	1561	tiny
PTGRDT/I20130101.tar/I20130101/UTIL08343/US08343980-20130101/US08343980-20130101/US08343980-20130101-C00929.TIF	files/00311.tif	1835	tiny
PTGRDT/I20130101.tar/I20130101/UTIL08343/US08343980-20130101/US08343980-20130101/US08343980-20130101-C01520.TIF	files/00312.tif	2012	tiny
PTGRDT/I20130101.tar/I20130101/UTIL08343/US08343986-20130101/US08343986-20130101/US08343986-20130101-C00002.TIF	files/00313.tif	988	tiny
PTGRDT/I20130101.tar/I20130101/UTIL08344/US08344138-20130101/US08344138-20130101/US08344138-20130101-C00510.TIF	files/00314.tif	990	tiny
PTGRDT/I20130101.tar/I20130101/UTIL08344/US08344270-20130101/US08344270-20130101/US08344270-20130101-D00001.TIF	files/00315.tif	27310	medium
PTGRDT/I20130101.tar/I20130101/UTIL08344/US08344455-20130101/US08344455-20130101/US08344455-20130101-D00001.TIF	files/00316.tif	42919	large
PTGRDT/I20130101.tar/I20130101/UTIL08344/US08344965-20130101/US08344965-20130101/US08344965-20130101-D00010.TIF	files/00317.tif	16251	medium
PTGRDT/I20130101.tar/I20130101/UTIL08345/US08345335-20130101/US08345335-20130101/US08345335-20130101-M00025.TIF	files/00318.tif	808	tiny
PTGRDT/I20130101.tar/I20130101/UTIL08345/US08345657-20130101/US08345657-20130101/US08345657-20130101-D00003.TIF	files/00319.tif	22711	medium
PTGRDT/I20130101.tar/I20130101/UTIL08345/US08345930-20130101/US08345930-20130101/US08345930-20130101-D00007.TIF	files/00320.tif	18128	medium
PTGRDT/I20130101.tar/I20130101/UTIL08346/US08346119-20130101/US08346119-20130101/US08346119-20130101-D00008.TIF	files/00321.tif	6942	small
PTGRDT/I20130101.tar/I20130101/UTIL08346/US08346391-20130101/US08346391-20130101/US08346391-20130101-D00013.TIF	files/00322.tif	17336	medium
PTGRDT/I20130101.tar/I20130101/UTIL08346/US08346483-20130101/US08346483-20130101/US08346483-20130101-D00002.TIF	files/00323.tif	18645	medium
PTGRDT/I20130101.tar/I20130101/UTIL08346/US08346545-20130101/US08346545-20130101/US08346545-20130101-M00006.TIF	files/00324.tif	1196	tiny
PTGRDT/I20130101.tar/I20130101/UTIL08346/US08346762-20130101/US08346762-20130101/US08346762-20130101-D00008.TIF	files/00325.tif	8742	small
PTGRDT/I20130101.tar/I20130101/UTIL08346/US08346970-20130101/US08346970-20130101/US08346970-20130101-D00021.TIF	files/00326.tif	23561	medium
PTGRDT/I20130101.tar/I20130101/UTIL08347/US08347047-20130101/US08347047-20130101/US08347047-20130101-D00006.TIF	files/00327.tif	19447	medium
PTGRDT/I20130101.tar/I20130101/UTIL08347/US08347216-20130101/US08347216-20130101/US08347216-20130101-D00009.TIF	files/00328.tif	19041	medium
PTGRDT/I20130305.tar/I20130305/DESIGN/USD0677307-20130305/USD0677307-20130305/USD0677307-20130305-D00008.TIF	files/00329.tif	11091	small
PTGRDT/I20130305.tar/I20130305/UTIL08387/US08387599-20130305/US08387599-20130305/US08387599-20130305-D00013.TIF	files/00330.tif	15271	medium
PTGRDT/I20130305.tar/I20130305/UTIL08387/US08387844-20130305/US08387844-20130305/US08387844-20130305-D00005.TIF	files/00331.tif	17601	medium
PTGRDT/I20130305.tar/I20130305/UTIL08387/US08387902-20130305/US08387902-20130305/US08387902-20130305-D00001.TIF	files/00332.tif	14315	small
PTGRDT/I20130305.tar/I20130305/UTIL08388/US08388258-20130305/US08388258-20130305/US08388258-20130305-D00012.TIF	files/00333.tif	21971	medium
PTGRDT/I20130305.tar/I20130305/UTIL08388/US08388375-20130305/US08388375-20130305/US08388375-20130305-D00006.TIF	files/00334.tif	42411	large
PTGRDT/I20130305.tar/I20130305/UTIL08388/US08388435-20130305/US08388435-20130305/US08388435-20130305-D00014.TIF	files/00335.tif	77323	large
PTGRDT/I20130305.tar/I20130305/UTIL08388/US08388518-20130305/US08388518-20130305/US08388518-20130305-D00001.TIF	files/00336.tif	18168	medium
PTGRDT/I20130305.tar/I20130305/UTIL08388/US08388525-20130305/US08388525-20130305/US08388525-20130305-D00016.TIF	files/00337.tif	23926	medium
PTGRDT/I20130305.tar/I20130305/UTIL08388/US08388623-20130305/US08388623-20130305/US08388623-20130305-D00028.TIF	files/00338.tif	29749	medium
PTGRDT/I20130305.tar/I20130305/UTIL08389/US08389527-20130305/US08389527-20130305/US08389527-20130305-C00341.TIF	files/00339.tif	2277	tiny
PTGRDT/I20130305.tar/I20130305/UTIL08389/US08389569-20130305/US08389569-20130305/US08389569-20130305-C00139.TIF	files/00340.tif	1786	tiny
PTGRDT/I20130305.tar/I20130305/UTIL08390/US08390317-20130305/US08390317-20130305/US08390317-20130305-D00010.TIF	files/00341.tif	6814	small
PTGRDT/I20130305.tar/I20130305/UTIL08390/US08390507-20130305/US08390507-20130305/US08390507-20130305-D00015.TIF	files/00342.tif	8810	small
PTGRDT/I20130305.tar/I20130305/UTIL08390/US08390547-20130305/US08390547-20130305/US08390547-20130305-D00015.TIF	files/00343.tif	31412	large
PTGRDT/I20130305.tar/I20130305/UTIL08390/US08390739-20130305/US08390739-20130305/US08390739-20130305-D00006.TIF	files/00344.tif	26246	medium
PTGRDT/I20130305.tar/I20130305/UTIL08390/US08390745-20130305/US08390745-20130305/US08390745-20130305-D00001.TIF	files/00345.tif	12148	small
PTGRDT/I20130305.tar/I20130305/UTIL08391/US08391282-20130305/US08391282-20130305/US08391282-20130305-D00055.TIF	files/00346.tif	18286	medium
PTGRDT/I20130305.tar/I20130305/UTIL08391/US08391312-20130305/US08391312-20130305/US08391312-20130305-D00018.TIF	files/00347.tif	11521	small
PTGRDT/I20130305.tar/I20130305/UTIL08392/US08392090-20130305/US08392090-20130305/US08392090-20130305-D00001.TIF	files/00348.tif	17980	medium
PTGRDT/I20130305.tar/I20130305/UTIL08392/US08392291-20130305/US08392291-20130305/US08392291-20130305-D00001.TIF	files/00349.tif	14392	small
PTGRDT/I20130305.tar/I20130305/UTIL08392/US08392368-20130305/US08392368-20130305/US08392368-20130305-D00000.TIF	files/00350.tif	15311	medium
PTGRDT/I20131001.tar/I20131001/UTIL08544/US08544159-20131001/US08544159-20131001/US08544159-20131001-D00009.TIF	files/00351.tif	7598	small
PTGRDT/I20131001.tar/I20131001/UTIL08544/US08544254-20131001/US08544254-20131001/US08544254-20131001-D00005.TIF	files/00352.tif	13220	small
PTGRDT/I20131001.tar/I20131001/UTIL08544/US08544330-20131001/US08544330-20131001/US08544330-20131001-D00003.TIF	files/00353.tif	6842	small
PTGRDT/I20131001.tar/I20131001/UTIL08544/US08544582-20131001/US08544582-20131001/US08544582-20131001-D00002.TIF	files/00354.tif	50421	large
PTGRDT/I20131001.tar/I20131001/UTIL08544/US08544590-20131001/US08544590-20131001/US08544590-20131001-D00002.TIF	files/00355.tif	25840	medium
PTGRDT/I20131001.tar/I20131001/UTIL08544/US08544643-20131001/US08544643-20131001/US08544643-20131001-D00001.TIF	files/00356.tif	16239	medium
PTGRDT/I20131001.tar/I20131001/UTIL08545/US08545106-20131001/US08545106-20131001/US08545106-20131001-D00005.TIF	files/00357.tif	11087	small
PTGRDT/I20131001.tar/I20131001/UTIL08545/US08545408-20131001/US08545408-20131001/US08545408-20131001-D00005.TIF	files/00358.tif	20198	medium
PTGRDT/I20131001.tar/I20131001/UTIL08545/US08545857-20131001/US08545857-20131001/US08545857-20131001-D00106.TIF	files/00359.tif	48957	large
PTGRDT/I20131001.tar/I20131001/UTIL08546/US08546074-20131001/US08546074-20131001/US08546074-20131001-D00004.TIF	files/00360.tif	32650	large
PTGRDT/I20140107.tar/I20140107/UTIL08622/US08622194-20140107/US08622194-20140107/US08622194-20140107-D00013.TIF	files/00361.tif	13343	small
PTGRDT/I20140107.tar/I20140107/UTIL08623/US08623380-20140107/US08623380-20140107/US08623380-20140107-D00001.TIF	files/00362.tif	18979	medium
PTGRDT/I20140107.tar/I20140107/UTIL08623/US08623590-20140107/US08623590-20140107/US08623590-20140107-C00038.TIF	files/00363.tif	2814	tiny
PTGRDT/I20140107.tar/I20140107/UTIL08623/US08623590-20140107/US08623590-20140107/US08623590-20140107-C00092.TIF	files/00364.tif	3903	tiny
PTGRDT/I20140107.tar/I20140107/UTIL08623/US08623814-20140107/US08623814-20140107/US08623814-20140107-C00667.TIF	files/00365.tif	862	tiny
PTGRDT/I20140107.tar/I20140107/UTIL08623/US08623880-20140107/US08623880-20140107/US08623880-20140107-C00010.TIF	files/00366.tif	8506	small
PTGRDT/I20140107.tar/I20140107/UTIL08624/US08624230-20140107/US08624230-20140107/US08624230-20140107-D00000.TIF	files/00367.tif	6752	small
PTGRDT/I20140107.tar/I20140107/UTIL08625/US08625137-20140107/US08625137-20140107/US08625137-20140107-D00008.TIF	files/00368.tif	21159	medium
PTGRDT/I20140107.tar/I20140107/UTIL08625/US08625149-20140107/US08625149-20140107/US08625149-20140107-D00011.TIF	files/00369.tif	103110	large
PTGRDT/I20140107.tar/I20140107/UTIL08625/US08625344-20140107/US08625344-20140107/US08625344-20140107-D00004.TIF	files/00370.tif	7863	small
PTGRDT/I20140107.tar/I20140107/UTIL08625/US08625393-20140107/US08625393-20140107/US08625393-20140107-D00004.TIF	files/00371.tif	15022	small
PTGRDT/I20140107.tar/I20140107/UTIL08625/US08625594-20140107/US08625594-20140107/US08625594-20140107-D00001.TIF	files/00372.tif	27780	medium
PTGRDT/I20140107.tar/I20140107/UTIL08626/US08626485-20140107/US08626485-20140107/US08626485-20140107-D00010.TIF	files/00373.tif	6956	small
PTGRDT/I20140107.tar/I20140107/UTIL08627/US08627218-20140107/US08627218-20140107/US08627218-20140107-D00010.TIF	files/00374.tif	151596	large
PTGRDT/I20180102.tar/I20180102/UTIL09854/US09854729-20180102/US09854729-20180102/US09854729-20180102-D00005.TIF	files/00375.tif	14129	small
PTGRDT/I20180102.tar/I20180102/UTIL09855/US09855272-20180102/US09855272-20180102/US09855272-20180102-C00044.TIF	files/00376.tif	2171	tiny
PTGRDT/I20180102.tar/I20180102/UTIL09855/US09855272-20180102/US09855272-20180102/US09855272-20180102-C00259.TIF	files/00377.tif	2431	tiny
PTGRDT/I20180102.tar/I20180102/UTIL09855/US09855272-20180102/US09855272-20180102/US09855272-20180102-C00652.TIF	files/00378.tif	12189	small
PTGRDT/I20180102.tar/I20180102/UTIL09855/US09855289-20180102/US09855289-20180102/US09855289-20180102-C00284.TIF	files/00379.tif	684	tiny
PTGRDT/I20180102.tar/I20180102/UTIL09855/US09855391-20180102/US09855391-20180102/US09855391-20180102-D00014.TIF	files/00380.tif	15662	medium
PTGRDT/I20180102.tar/I20180102/UTIL09855/US09855670-20180102/US09855670-20180102/US09855670-20180102-D00008.TIF	files/00381.tif	14297	small
PTGRDT/I20180102.tar/I20180102/UTIL09856/US09856253-20180102/US09856253-20180102/US09856253-20180102-C00361.TIF	files/00382.tif	3491	tiny
PTGRDT/I20180102.tar/I20180102/UTIL09856/US09856279-20180102/US09856279-20180102/US09856279-20180102-C00459.TIF	files/00383.tif	1949	tiny
PTGRDT/I20180102.tar/I20180102/UTIL09856/US09856509-20180102/US09856509-20180102/US09856509-20180102-C00029.TIF	files/00384.tif	2126	tiny
PTGRDT/I20180102.tar/I20180102/UTIL09856/US09856628-20180102/US09856628-20180102/US09856628-20180102-D00023.TIF	files/00385.tif	11572	small
PTGRDT/I20180102.tar/I20180102/UTIL09856/US09856819-20180102/US09856819-20180102/US09856819-20180102-D00019.TIF	files/00386.tif	55344	large
PTGRDT/I20180102.tar/I20180102/UTIL09857/US09857361-20180102/US09857361-20180102/US09857361-20180102-D00035.TIF	files/00387.tif	20775	medium
PTGRDT/I20180102.tar/I20180102/UTIL09857/US09857434-20180102/US09857434-20180102/US09857434-20180102-D00002.TIF	files/00388.tif	54947	large
PTGRDT/I20180102.tar/I20180102/UTIL09857/US09857525-20180102/US09857525-20180102/US09857525-20180102-D00004.TIF	files/00389.tif	4955	tiny
PTGRDT/I20180102.tar/I20180102/UTIL09858/US09858275-20180102/US09858275-20180102/US09858275-20180102-D00005.TIF	files/00390.tif	148088	large
PTGRDT/I20180102.tar/I20180102/UTIL09858/US09858570-20180102/US09858570-20180102/US09858570-20180102-D00005.TIF	files/00391.tif	17431	medium
PTGRDT/I20180102.tar/I20180102/UTIL09858/US09858940-20180102/US09858940-20180102/US09858940-20180102-M00002.TIF	files/00392.tif	1055	tiny
PTGRDT/I20180102.tar/I20180102/UTIL09859/US09859585-20180102/US09859585-20180102/US09859585-20180102-D00008.TIF	files/00393.tif	8862	small
PTGRDT/I20180102.tar/I20180102/UTIL09859/US09859796-20180102/US09859796-20180102/US09859796-20180102-D00011.TIF	files/00394.tif	3488	tiny
PTGRDT/I20180102.tar/I20180102/UTIL09859/US09859923-20180102/US09859923-20180102/US09859923-20180102-D00039.TIF	files/00395.tif	9914	small
PTGRDT/I20180102.tar/I20180102/UTIL09859/US09859923-20180102/US09859923-20180102/US09859923-20180102-M00282.TIF	files/00396.tif	6699	small
PTGRDT/I20180102.tar/I20180102/UTIL09859/US09859924-20180102/US09859924-20180102/US09859924-20180102-D00010.TIF	files/00397.tif	27431	medium
PTGRDT/I20180102.tar/I20180102/UTIL09859/US09859940-20180102/US09859940-20180102/US09859940-20180102-D00031.TIF	files/00398.tif	53053	large
PTGRDT/I20180102.tar/I20180102/UTIL09860/US09860188-20180102/US09860188-20180102/US09860188-20180102-D00001.TIF	files/00399.tif	32348	large
PTGRDT/I20180102.tar/I20180102/UTIL09860/US09860200-20180102/US09860200-20180102/US09860200-20180102-D00008.TIF	files/00400.tif	27685	medium
PTGRDT/I20180102.tar/I20180102/UTIL09860/US09860461-20180102/US09860461-20180102/US09860461-20180102-D00021.TIF	files/00401.tif	13816	small
PTGRDT/I20180102.tar/I20180102/UTIL09860/US09860889-20180102/US09860889-20180102/US09860889-20180102-D00004.TIF	files/00402.tif	112793	large
PTGRDT/I20211102.tar/I20211102/DESIGN/USD0934680-20211102/USD0934680-20211102/USD0934680-20211102-D00001.TIF	files/00403.tif	19975	medium
PTGRDT/I20211102.tar/I20211102/UTIL11160/US11160803-20211102/US11160803-20211102/US11160803-20211102-C00384.TIF	files/00404.tif	778	tiny
PTGRDT/I20211102.tar/I20211102/UTIL11160/US11160826-20211102/US11160826-20211102/US11160826-20211102-D00038.TIF	files/00405.tif	68061	large
PTGRDT/I20211102.tar/I20211102/UTIL11160/US11160946-20211102/US11160946-20211102/US11160946-20211102-D00005.TIF	files/00406.tif	27849	medium
PTGRDT/I20211102.tar/I20211102/UTIL11161/US11161841-20211102/US11161841-20211102/US11161841-20211102-C00055.TIF	files/00407.tif	7367	small
PTGRDT/I20211102.tar/I20211102/UTIL11161/US11161841-20211102/US11161841-20211102/US11161841-20211102-C01717.TIF	files/00408.tif	3819	tiny
PTGRDT/I20211102.tar/I20211102/UTIL11161/US11161863-20211102/US11161863-20211102/US11161863-20211102-C00030.TIF	files/00409.tif	2180	tiny
PTGRDT/I20211102.tar/I20211102/UTIL11161/US11161863-20211102/US11161863-20211102/US11161863-20211102-C00056.TIF	files/00410.tif	1182	tiny
PTGRDT/I20211102.tar/I20211102/UTIL11162/US11162078-20211102/US11162078-20211102/US11162078-20211102-D00017.TIF	files/00411.tif	117376	large
PTGRDT/I20211102.tar/I20211102/UTIL11162/US11162101-20211102/US11162101-20211102/US11162101-20211102-C00895.TIF	files/00412.tif	1895	tiny
PTGRDT/I20211102.tar/I20211102/UTIL11162/US11162261-20211102/US11162261-20211102/US11162261-20211102-D00001.TIF	files/00413.tif	135945	large
PTGRDT/I20211102.tar/I20211102/UTIL11162/US11162462-20211102/US11162462-20211102/US11162462-20211102-D00008.TIF	files/00414.tif	101021	large
PTGRDT/I20211102.tar/I20211102/UTIL11162/US11162487-20211102/US11162487-20211102/US11162487-20211102-D00001.TIF	files/00415.tif	6154	tiny
PTGRDT/I20211102.tar/I20211102/UTIL11162/US11162488-20211102/US11162488-20211102/US11162488-20211102-D00006.TIF	files/00416.tif	6648	small
PTGRDT/I20211102.tar/I20211102/UTIL11162/US11162530-20211102/US11162530-20211102/US11162530-20211102-D00056.TIF	files/00417.tif	20432	medium
PTGRDT/I20211102.tar/I20211102/UTIL11162/US11162820-20211102/US11162820-20211102/US11162820-20211102-D00001.TIF	files/00418.tif	13402	small
PTGRDT/I20211102.tar/I20211102/UTIL11163/US11163232-20211102/US11163232-20211102/US11163232-20211102-C00064.TIF	files/00419.tif	1358	tiny
PTGRDT/I20211102.tar/I20211102/UTIL11163/US11163297-20211102/US11163297-20211102/US11163297-20211102-D00003.TIF	files/00420.tif	75261	large
PTGRDT/I20211102.tar/I20211102/UTIL11163/US11163417-20211102/US11163417-20211102/US11163417-20211102-D00109.TIF	files/00421.tif	112402	large
PTGRDT/I20211102.tar/I20211102/UTIL11164/US11164519-20211102/US11164519-20211102/US11164519-20211102-D00044.TIF	files/00422.tif	11006	small
PTGRDT/I20211102.tar/I20211102/UTIL11164/US11164942-20211102/US11164942-20211102/US11164942-20211102-D00003.TIF	files/00423.tif	21632	medium
PTGRDT/I20211102.tar/I20211102/UTIL11165/US11165406-20211102/US11165406-20211102/US11165406-20211102-D00003.TIF	files/00424.tif	6232	tiny
PTGRDT/I20211102.tar/I20211102/UTIL11166/US11166086-20211102/US11166086-20211102/US11166086-20211102-D00007.TIF	files/00425.tif	6457	tiny
PTGRDT/I20211102.tar/I20211102/UTIL11166/US11166256-20211102/US11166256-20211102/US11166256-20211102-D00007.TIF	files/00426.tif	12976	small
PTGRDT/I20211102.tar/I20211102/UTIL11166/US11166321-20211102/US11166321-20211102/US11166321-20211102-D00011.TIF	files/00427.tif	21965	medium
PTGRDT/I20220104.tar/I20220104/UTIL11213/US11213509-20220104/US11213509-20220104/US11213509-20220104-C00034.TIF	files/00428.tif	1183	tiny
PTGRDT/I20220104.tar/I20220104/UTIL11213/US11213779-20220104/US11213779-20220104/US11213779-20220104-D00016.TIF	files/00429.tif	44261	large
PTGRDT/I20220104.tar/I20220104/UTIL11213/US11213864-20220104/US11213864-20220104/US11213864-20220104-D00004.TIF	files/00430.tif	24122	medium
PTGRDT/I20220104.tar/I20220104/UTIL11214/US11214332-20220104/US11214332-20220104/US11214332-20220104-D00003.TIF	files/00431.tif	21667	medium
PTGRDT/I20220104.tar/I20220104/UTIL11214/US11214360-20220104/US11214360-20220104/US11214360-20220104-D00007.TIF	files/00432.tif	24510	medium
PTGRDT/I20220104.tar/I20220104/UTIL11214/US11214548-20220104/US11214548-20220104/US11214548-20220104-C00053.TIF	files/00433.tif	1546	tiny
PTGRDT/I20220104.tar/I20220104/UTIL11214/US11214554-20220104/US11214554-20220104/US11214554-20220104-C00058.TIF	files/00434.tif	1759	tiny
PTGRDT/I20220104.tar/I20220104/UTIL11215/US11215063-20220104/US11215063-20220104/US11215063-20220104-D00003.TIF	files/00435.tif	13858	small
PTGRDT/I20220104.tar/I20220104/UTIL11215/US11215083-20220104/US11215083-20220104/US11215083-20220104-D00003.TIF	files/00436.tif	13684	small
PTGRDT/I20220104.tar/I20220104/UTIL11215/US11215202-20220104/US11215202-20220104/US11215202-20220104-M00010.TIF	files/00437.tif	2435	tiny
PTGRDT/I20220104.tar/I20220104/UTIL11215/US11215654-20220104/US11215654-20220104/US11215654-20220104-D00001.TIF	files/00438.tif	42221	large
PTGRDT/I20220104.tar/I20220104/UTIL11215/US11215770-20220104/US11215770-20220104/US11215770-20220104-D00002.TIF	files/00439.tif	11710	small
PTGRDT/I20220104.tar/I20220104/UTIL11216/US11216001-20220104/US11216001-20220104/US11216001-20220104-D00006.TIF	files/00440.tif	16939	medium
PTGRDT/I20220104.tar/I20220104/UTIL11216/US11216422-20220104/US11216422-20220104/US11216422-20220104-D00033.TIF	files/00441.tif	48323	large
PTGRDT/I20220104.tar/I20220104/UTIL11216/US11216791-20220104/US11216791-20220104/US11216791-20220104-D00002.TIF	files/00442.tif	33348	large
PTGRDT/I20220104.tar/I20220104/UTIL11216/US11216895-20220104/US11216895-20220104/US11216895-20220104-D00020.TIF	files/00443.tif	43285	large
PTGRDT/I20220104.tar/I20220104/UTIL11217/US11217426-20220104/US11217426-20220104/US11217426-20220104-D00002.TIF	files/00444.tif	24274	medium
PTGRDT/I20220104.tar/I20220104/UTIL11217/US11217578-20220104/US11217578-20220104/US11217578-20220104-D00014.TIF	files/00445.tif	65814	large
PTGRDT/I20220104.tar/I20220104/UTIL11217/US11217609-20220104/US11217609-20220104/US11217609-20220104-D00003.TIF	files/00446.tif	12983	small
PTGRDT/I20220104.tar/I20220104/UTIL11217/US11217757-20220104/US11217757-20220104/US11217757-20220104-C00127.TIF	files/00447.tif	8942	small
PTGRDT/I20220104.tar/I20220104/UTIL11217/US11217869-20220104/US11217869-20220104/US11217869-20220104-D00011.TIF	files/00448.tif	49895	large
PTGRDT/I20220104.tar/I20220104/UTIL11218/US11218331-20220104/US11218331-20220104/US11218331-20220104-D00007.TIF	files/00449.tif	45050	large
PTGRDT/I20220104.tar/I20220104/UTIL11218/US11218382-20220104/US11218382-20220104/US11218382-20220104-D00003.TIF	files/00450.tif	20126	medium
PTGRDT/I20220104.tar/I20220104/UTIL11218/US11218403-20220104/US11218403-20220104/US11218403-20220104-D00008.TIF	files/00451.tif	121322	large
PTGRDT/I20220104.tar/I20220104/UTIL11218/US11218424-20220104/US11218424-20220104/US11218424-20220104-D00006.TIF	files/00452.tif	31318	large
PTGRDT/I20220104.tar/I20220104/UTIL11218/US11218598-20220104/US11218598-20220104/US11218598-20220104-D00009.TIF	files/00453.tif	26235	medium
PTGRDT/I20220104.tar/I20220104/UTIL11218/US11218633-20220104/US11218633-20220104/US11218633-20220104-D00031.TIF	files/00454.tif	42245	large
PTGRDT/I20220104.tar/I20220104/UTIL11218/US11218697-20220104/US11218697-20220104/US11218697-20220104-D00005.TIF	files/00455.tif	8767	small
PTGRDT/I20240102.tar/I20240102/DESIGN/USD1009690-20240102/USD1009690-20240102/USD1009690-20240102-D00007.TIF	files/00456.tif	4418	tiny
PTGRDT/I20240102.tar/I20240102/DESIGN/USD1009803-20240102/USD1009803-20240102/USD1009803-20240102-D00003.TIF	files/00457.tif	14084	small
PTGRDT/I20240102.tar/I20240102/DESIGN/USD1009833-20240102/USD1009833-20240102/USD1009833-20240102-D00012.TIF	files/00458.tif	11729	small
PTGRDT/I20240102.tar/I20240102/DESIGN/USD1009869-20240102/USD1009869-20240102/USD1009869-20240102-D00001.TIF	files/00459.tif	15277	medium
PTGRDT/I20240102.tar/I20240102/DESIGN/USD1009989-20240102/USD1009989-20240102/USD1009989-20240102-D00004.TIF	files/00460.tif	7805	small
PTGRDT/I20240102.tar/I20240102/DESIGN/USD1010155-20240102/USD1010155-20240102/USD1010155-20240102-D00003.TIF	files/00461.tif	7628	small
PTGRDT/I20240102.tar/I20240102/REISSUE/USRE049788-20240102/USRE049788-20240102/USRE049788-20240102-D00036.TIF	files/00462.tif	22581	medium
PTGRDT/I20240102.tar/I20240102/UTIL11857/US11857080-20240102/US11857080-20240102/US11857080-20240102-D00006.TIF	files/00463.tif	28972	medium
PTGRDT/I20240102.tar/I20240102/UTIL11857/US11857453-20240102/US11857453-20240102/US11857453-20240102-D00011.TIF	files/00464.tif	10366	small
PTGRDT/I20240102.tar/I20240102/UTIL11857/US11857622-20240102/US11857622-20240102/US11857622-20240102-D00041.TIF	files/00465.tif	153757	large
PTGRDT/I20240102.tar/I20240102/UTIL11857/US11857736-20240102/US11857736-20240102/US11857736-20240102-D00012.TIF	files/00466.tif	59607	large
PTGRDT/I20240102.tar/I20240102/UTIL11858/US11858529-20240102/US11858529-20240102/US11858529-20240102-D00000.TIF	files/00467.tif	26166	medium
PTGRDT/I20240102.tar/I20240102/UTIL11858/US11858529-20240102/US11858529-20240102/US11858529-20240102-D00006.TIF	files/00468.tif	23345	medium
PTGRDT/I20240102.tar/I20240102/UTIL11858/US11858743-20240102/US11858743-20240102/US11858743-20240102-D00008.TIF	files/00469.tif	48793	large
PTGRDT/I20240102.tar/I20240102/UTIL11858/US11858878-20240102/US11858878-20240102/US11858878-20240102-D00001.TIF	files/00470.tif	17178	medium
PTGRDT/I20240102.tar/I20240102/UTIL11858/US11858915-20240102/US11858915-20240102/US11858915-20240102-C00974.TIF	files/00471.tif	2283	tiny
PTGRDT/I20240102.tar/I20240102/UTIL11858/US11858924-20240102/US11858924-20240102/US11858924-20240102-C00595.TIF	files/00472.tif	1903	tiny
PTGRDT/I20240102.tar/I20240102/UTIL11858/US11858946-20240102/US11858946-20240102/US11858946-20240102-C00130.TIF	files/00473.tif	1754	tiny
PTGRDT/I20240102.tar/I20240102/UTIL11858/US11858952-20240102/US11858952-20240102/US11858952-20240102-C02026.TIF	files/00474.tif	520	tiny
PTGRDT/I20240102.tar/I20240102/UTIL11858/US11858957-20240102/US11858957-20240102/US11858957-20240102-C00538.TIF	files/00475.tif	2621	tiny
PTGRDT/I20240102.tar/I20240102/UTIL11859/US11859008-20240102/US11859008-20240102/US11859008-20240102-D00010.TIF	files/00476.tif	488603	large
PTGRDT/I20240102.tar/I20240102/UTIL11859/US11859361-20240102/US11859361-20240102/US11859361-20240102-D00001.TIF	files/00477.tif	84098	large
PTGRDT/I20240102.tar/I20240102/UTIL11860/US11860535-20240102/US11860535-20240102/US11860535-20240102-C00026.TIF	files/00478.tif	1157	tiny
PTGRDT/I20240102.tar/I20240102/UTIL11860/US11860536-20240102/US11860536-20240102/US11860536-20240102-C00014.TIF	files/00479.tif	6169	tiny
PTGRDT/I20240102.tar/I20240102/UTIL11860/US11860898-20240102/US11860898-20240102/US11860898-20240102-D00000.TIF	files/00480.tif	22506	medium
PTGRDT/I20240102.tar/I20240102/UTIL11861/US11861584-20240102/US11861584-20240102/US11861584-20240102-D00003.TIF	files/00481.tif	22187	medium
PTGRDT/I20240102.tar/I20240102/UTIL11861/US11861628-20240102/US11861628-20240102/US11861628-20240102-D00013.TIF	files/00482.tif	19635	medium
PTGRDT/I20240102.tar/I20240102/UTIL11862/US11862118-20240102/US11862118-20240102/US11862118-20240102-D00005.TIF	files/00483.tif	41468	large
PTGRDT/I20240102.tar/I20240102/UTIL11862/US11862383-20240102/US11862383-20240102/US11862383-20240102-D00005.TIF	files/00484.tif	39381	large
PTGRDT/I20240102.tar/I20240102/UTIL11862/US11862654-20240102/US11862654-20240102/US11862654-20240102-D00011.TIF	files/00485.tif	148852	large
PTGRDT/I20240102.tar/I20240102/UTIL11862/US11862679-20240102/US11862679-20240102/US11862679-20240102-D00019.TIF	files/00486.tif	34716	large
PTGRDT/I20240102.tar/I20240102/UTIL11862/US11862774-20240102/US11862774-20240102/US11862774-20240102-D00064.TIF	files/00487.tif	9532	small
PTGRDT/I20240102.tar/I20240102/UTIL11862/US11862822-20240102/US11862822-20240102/US11862822-20240102-D00033.TIF	files/00488.tif	100861	large
PTGRDT/I20240102.tar/I20240102/UTIL11862/US11862840-20240102/US11862840-20240102/US11862840-20240102-D00003.TIF	files/00489.tif	218000	large
PTGRDT/I20240102.tar/I20240102/UTIL11862/US11862946-20240102/US11862946-20240102/US11862946-20240102-D00003.TIF	files/00490.tif	252329	large
PTGRDT/I20240102.tar/I20240102/UTIL11862/US11862987-20240102/US11862987-20240102/US11862987-20240102-D00009.TIF	files/00491.tif	60461	large
PTGRDT/I20240102.tar/I20240102/UTIL11863/US11863031-20240102/US11863031-20240102/US11863031-20240102-D00049.TIF	files/00492.tif	13923	small
PTGRDT/I20240102.tar/I20240102/UTIL11863/US11863244-20240102/US11863244-20240102/US11863244-20240102-D00008.TIF	files/00493.tif	10542	small
PTGRDT/I20240102.tar/I20240102/UTIL11863/US11863351-20240102/US11863351-20240102/US11863351-20240102-D00001.TIF	files/00494.tif	11694	small
PTGRDT/I20240102.tar/I20240102/UTIL11863/US11863642-20240102/US11863642-20240102/US11863642-20240102-D00005.TIF	files/00495.tif	42421	large
PTGRDT/I20240102.tar/I20240102/UTIL11863/US11863794-20240102/US11863794-20240102/US11863794-20240102-P00128.TIF	files/00496.tif	967	tiny
PTGRDT/I20240102.tar/I20240102/UTIL11863/US11863958-20240102/US11863958-20240102/US11863958-20240102-M00004.TIF	files/00497.tif	776	tiny
PTGRDT/I20240102.tar/I20240102/UTIL11864/US11864120-20240102/US11864120-20240102/US11864120-20240102-D00002.TIF	files/00498.tif	10900	small
PTGRDT/I20240102.tar/I20240102/UTIL11864/US11864370-20240102/US11864370-20240102/US11864370-20240102-D00012.TIF	files/00499.tif	35060	large
